breadth,stop_atr,target_atr,hold,trades_train,return_train,win_train,pf_train,dd_train,final_train,trades_oos,return_oos,win_oos,pf_oos,dd_oos,final_oos
0.5,2.0,3.5,12,21,0.21525814269139953,0.8571428571428571,8.210651743329523,-0.030883723321327466,121525814.26913996,28,0.18816645364394247,0.7142857142857143,3.231449285071818,-0.04051245748473347,118816645.36439425
0.46,1.75,3.5,12,22,0.2684712283494184,0.8181818181818182,7.835526058874104,-0.02352321939352113,126847122.83494183,26,0.18603281879463363,0.7307692307692307,3.3277041418123936,-0.047786346134091856,118603281.87946336
0.5,1.75,3.5,12,22,0.26028059217941846,0.8181818181818182,7.132665686787534,-0.02363156742049844,126028059.21794184,26,0.18603281879463363,0.7307692307692307,3.3277041418123936,-0.047786346134091856,118603281.87946336
0.42,2.0,3.5,12,21,0.19956657633139963,0.8095238095238095,6.4518329824827605,-0.03846506389031481,119956657.63313997,28,0.16927302572862102,0.6785714285714286,2.9993627177961537,-0.045058240056387124,116927302.5728621
0.46,2.0,3.5,12,21,0.19956657633139963,0.8095238095238095,6.4518329824827605,-0.03846506389031481,119956657.63313997,27,0.1790509642886211,0.7037037037037037,3.390994798458992,-0.04051245748473347,117905096.42886211
0.5,1.25,3.5,10,22,0.2963390405028816,0.7727272727272727,6.197836636551256,-0.037906201411876436,129633904.05028817,31,0.1851253016730896,0.6129032258064516,2.447949835213344,-0.04558888973942442,118512530.16730897
0.5,1.25,3.5,12,22,0.2963390405028816,0.7727272727272727,6.197836636551256,-0.037906201411876436,129633904.05028817,28,0.2040077176809263,0.6071428571428571,2.8963054320429285,-0.050195323659249044,120400771.76809263
0.46,1.25,3.5,10,22,0.30072565915759264,0.7727272727272727,6.157434233006899,-0.035430874830039656,130072565.91575927,30,0.1975305876805875,0.6333333333333333,2.6938117725763187,-0.04872024217527364,119753058.76805876
0.46,1.25,3.5,12,22,0.30072565915759264,0.7727272727272727,6.157434233006899,-0.035430874830039656,130072565.91575927,27,0.1842068139569435,0.6296296296296297,2.7215032136938944,-0.04558888973942442,118420681.39569435
0.42,1.75,3.5,12,23,0.24953535203026567,0.782608695652174,5.704373318049851,-0.02352321939352113,124953535.20302656,27,0.1749544712546336,0.7037037037037037,2.922586978482126,-0.047786346134091856,117495447.12546337
0.46,1.5,3.5,10,22,0.28087885664322143,0.7727272727272727,5.399894703176192,-0.03377441939403841,128087885.66432215,28,0.1882790489880104,0.6785714285714286,2.977594884843904,-0.05149063337563827,118827904.89880104
0.46,1.5,3.5,12,22,0.28087885664322143,0.7727272727272727,5.399894703176192,-0.03377441939403841,128087885.66432215,28,0.21550163327039962,0.6785714285714286,3.0026563296909368,-0.04879651518398158,121550163.32703997
0.5,1.5,3.5,10,22,0.2752569057284373,0.7727272727272727,5.334842165509116,-0.035203838915022,127525690.57284373,30,0.15202216431130955,0.6333333333333333,2.169812763202944,-0.05237620039362885,115202216.43113096
0.5,1.5,3.5,12,22,0.2752569057284373,0.7727272727272727,5.334842165509116,-0.035203838915022,127525690.57284373,28,0.21550163327039962,0.6785714285714286,3.0026563296909368,-0.04879651518398158,121550163.32703997
0.42,1.25,4.0,10,22,0.2970113943929582,0.7272727272727273,5.2933406736750985,-0.02793175195062055,129701139.43929581,34,0.27162990395761266,0.5588235294117647,2.821180846157138,-0.04558888973942442,127162990.39576127
0.46,1.25,4.0,10,22,0.2970113943929582,0.7272727272727273,5.2933406736750985,-0.02793175195062055,129701139.43929581,30,0.280106101931374,0.6333333333333333,3.4379222642745764,-0.04558888973942442,128010610.1931374
0.46,2.0,3.5,10,22,0.2013956133540149,0.7727272727272727,5.256705334225087,-0.022288852101497225,120139561.33540149,29,0.22685030824807417,0.7586206896551724,4.262688380135629,-0.04051245748473347,122685030.82480742
0.5,1.25,4.0,10,22,0.28536643361998704,0.7272727272727273,5.209275557038508,-0.02793175195062055,128536643.3619987,30,0.20161543441592156,0.5666666666666667,2.496180916328157,-0.04558888973942442,120161543.44159216
0.5,1.25,4.0,12,21,0.27916395768759195,0.7142857142857143,5.116872986249523,-0.02793175195062055,127916395.76875919,31,0.13936709713453,0.45161290322580644,1.8040151826561983,-0.06134895785922227,113936709.713453
0.42,1.25,3.5,10,23,0.2825131256417004,0.7391304347826086,4.995676977782262,-0.036006779476871247,128251312.56417003,32,0.17864129467363243,0.59375,2.312548877137794,-0.045818060400209845,117864129.46736324
0.42,1.25,3.5,12,23,0.2825131256417004,0.7391304347826086,4.995676977782262,-0.036006779476871247,128251312.56417003,28,0.19377670298615945,0.6071428571428571,2.6201205649708292,-0.05037175583495787,119377670.29861595
0.42,1.25,4.0,12,21,0.2832377639085062,0.7142857142857143,5.093598580131312,-0.02793175195062055,128323776.39085062,32,0.1960544030788871,0.5,2.1388564933496585,-0.04674468496454435,119605440.3078887
0.46,1.25,4.0,12,21,0.2832377639085062,0.7142857142857143,5.093598580131312,-0.02793175195062055,128323776.39085062,31,0.2147376129942773,0.5161290322580645,2.3849720938153425,-0.04558888973942442,121473761.29942773
0.5,2.0,4.0,12,18,0.17571675855721214,0.7777777777777778,5.178366031731595,-0.021869437645268067,117571675.85572122,25,0.11087381543339059,0.6,2.2198174425218893,-0.04298370484411201,111087381.54333906
0.5,2.0,3.5,10,22,0.19460665433401503,0.7727272727272727,4.898534147192689,-0.022288852101497225,119460665.4334015,29,0.15118377199124344,0.6551724137931034,2.4020809902601328,-0.04051245748473347,115118377.19912435
0.5,1.75,3.5,10,21,0.2034629989475205,0.7619047619047619,4.706910876861682,-0.025062051539403784,120346299.89475204,28,0.17631039824565176,0.7142857142857143,2.9025601028509094,-0.047786346134091856,117631039.82456517
0.42,1.5,4.0,10,22,0.2748106695812178,0.7272727272727273,4.598353127704383,-0.027502223728196832,127481066.95812178,31,0.23705032385236802,0.6129032258064516,2.633791874442437,-0.052736303887722095,123705032.3852368
0.46,1.5,4.0,10,22,0.2748106695812178,0.7272727272727273,4.598353127704383,-0.027502223728196832,127481066.95812178,29,0.196151226813418,0.6206896551724138,2.4891813712045514,-0.05565201935413624,119615122.6813418
0.5,1.5,4.0,10,22,0.26230860948632095,0.7272727272727273,4.455229619670219,-0.027502223728196832,126230860.94863209,29,0.196151226813418,0.6206896551724138,2.4891813712045514,-0.05565201935413624,119615122.6813418
0.46,2.0,3.0,12,22,0.1637649902728604,0.7727272727272727,4.421403854547228,-0.020439965779419294,116376499.02728604,32,0.22254026786754566,0.71875,3.229930185042038,-0.04051245748473347,122254026.78675456
0.42,1.5,3.5,10,23,0.26068644388268414,0.7391304347826086,4.345144766918283,-0.03516088855816788,126068644.38826841,29,0.17505467132801034,0.6551724137931034,2.6144419335186018,-0.052752463219544236,117505467.13280104
0.42,1.5,3.5,12,23,0.26068644388268414,0.7391304347826086,4.345144766918283,-0.03516088855816788,126068644.38826841,29,0.20088056450769098,0.6551724137931034,2.651565101548431,-0.04879651518398158,120088056.4507691
0.42,1.5,4.0,12,21,0.2623302319638754,0.7142857142857143,4.434362880140535,-0.027502223728196832,126233023.19638754,29,0.2573717499143411,0.6206896551724138,3.1033541544581253,-0.04879651518398158,125737174.99143411
0.46,1.5,4.0,12,21,0.2623302319638754,0.7142857142857143,4.434362880140535,-0.027502223728196832,126233023.19638754,28,0.18833039325660295,0.5714285714285714,2.4509763257518,-0.05306253541789839,118833039.32566029
0.5,1.5,4.0,12,21,0.2567714066565483,0.7142857142857143,4.38175759013496,-0.027502223728196832,125677140.66565484,28,0.18833039325660295,0.5714285714285714,2.4509763257518,-0.05306253541789839,118833039.32566029
0.42,1.75,4.0,12,20,0.211727284145812,0.7,4.254873694121316,-0.02344752173453329,121172728.41458121,27,0.20116788601389612,0.5925925925925926,2.919782179054359,-0.047786346134091856,120116788.60138962
0.46,1.75,4.0,12,20,0.211727284145812,0.7,4.254873694121316,-0.02344752173453329,121172728.41458121,27,0.20116788601389612,0.5925925925925926,2.919782179054359,-0.047786346134091856,120116788.60138962
0.38,1.75,3.5,12,29,0.25756575288321626,0.7241379310344828,3.980606544666652,-0.06896791282374236,125756575.28832163,28,0.2191428040256247,0.7142857142857143,3.654729831750554,-0.04615562142228441,121914280.40256247
0.5,2.0,3.0,12,22,0.15714707317286036,0.7727272727272727,4.120824482198397,-0.020872569617034438,115714707.31728604,32,0.19377194652971919,0.6875,2.7515200495795673,-0.04051245748473347,119377194.65297192
0.42,2.0,3.5,10,23,0.1841804432915064,0.7391304347826086,4.058157315368467,-0.022288852101497225,118418044.32915065,30,0.22348720374807418,0.7333333333333333,4.066015008968689,-0.04051245748473347,122348720.37480742
0.42,2.0,4.0,12,18,0.16054627802721222,0.7222222222222222,4.29989007859906,-0.02404260955573116,116054627.80272122,25,0.11087381543339059,0.6,2.2198174425218893,-0.04298370484411201,111087381.54333906
0.46,2.0,4.0,12,18,0.16054627802721222,0.7222222222222222,4.29989007859906,-0.02404260955573116,116054627.80272122,25,0.11087381543339059,0.6,2.2198174425218893,-0.04298370484411201,111087381.54333906
0.38,2.0,3.5,12,27,0.20183068077704291,0.7407407407407407,3.911891976536381,-0.06308038341107511,120183068.0777043,28,0.15753104262185436,0.7142857142857143,2.7861460397266633,-0.04332761364533739,115753104.26218544
0.5,1.75,4.0,12,20,0.20375725214581197,0.7,4.003376749013224,-0.02344752173453329,120375725.2145812,27,0.20116788601389612,0.5925925925925926,2.919782179054359,-0.047786346134091856,120116788.60138962
0.5,1.25,4.0,7,24,0.22140556108404996,0.6666666666666666,3.7218766407257005,-0.030954511698394402,122140556.108405,37,0.24465522860162858,0.5405405405405406,2.3638812872085277,-0.06982471446828065,124465522.86016287
0.46,1.75,3.5,10,22,0.18143568015752054,0.6818181818181818,3.714635303228128,-0.03755467684253941,118143568.01575205,27,0.1992889349680198,0.7407407407407407,3.838422379252024,-0.047786346134091856,119928893.49680197
0.5,1.75,4.0,10,23,0.20629570405504305,0.6956521739130435,3.599255484123639,-0.025026668731294104,120629570.4055043,27,0.1763579170962568,0.6666666666666666,2.6990077815067304,-0.047786346134091856,117635791.70962568
0.42,1.75,3.5,10,23,0.1858304084963005,0.6956521739130435,3.567415779371008,-0.029193238588245334,118583040.84963006,28,0.19553401246801982,0.7142857142857143,3.643563092693861,-0.047786346134091856,119553401.24680197
0.5,1.75,4.0,7,24,0.1872839520933789,0.7083333333333334,3.5162359236328804,-0.02642813415433643,118728395.20933789,32,0.23398294555446886,0.6875,2.9426908605232747,-0.047786346134091856,123398294.55544688
0.5,2.0,3.0,10,21,0.13978610645115652,0.7619047619047619,3.6686593357192927,-0.022697952903998807,113978610.64511564,33,0.1540148185511827,0.6666666666666666,2.2662915444657012,-0.04153165085422339,115401481.85511826
0.38,1.25,4.0,12,27,0.259270943299061,0.6296296296296297,3.3761192462556107,-0.07707549592282166,125927094.3299061,31,0.1815147230267351,0.5161290322580645,2.1204541693985117,-0.046646863457443,118151472.3026735
0.38,1.25,4.0,10,28,0.255716902043698,0.6428571428571429,3.36627036948055,-0.08373654086389745,125571690.2043698,31,0.293078211339624,0.6451612903225806,3.770312255087158,-0.04624785081044332,129307821.1339624
0.38,1.25,3.5,12,29,0.2587050579083534,0.6551724137931034,3.3391576481465495,-0.07707549592282166,125870505.79083535,32,0.23903047730251337,0.59375,2.6156554570242765,-0.05165164127777595,123903047.73025133
0.5,1.25,3.5,7,24,0.19072996593657576,0.6666666666666666,3.38297811146903,-0.03095679748247765,119072996.59365758,38,0.14938678582288722,0.5,1.7735473564566449,-0.060926000281212096,114938678.58228873
0.38,1.75,4.0,12,26,0.22279043968880363,0.6538461538461539,3.258683697273981,-0.06896791282374236,122279043.96888036,27,0.16603945887743543,0.5555555555555556,2.415126633671093,-0.05072454125990931,116603945.88774355
0.5,2.0,2.5,12,25,0.13979306401736613,0.76,3.2647692544323377,-0.020515268777507333,113979306.40173662,36,0.17818160042856745,0.6944444444444444,2.6115671070877493,-0.04123215044797919,117818160.04285674
0.38,1.25,3.5,10,29,0.24216876389343178,0.6551724137931034,3.2104451379296317,-0.08373654086389745,124216876.38934317,33,0.1919957540940025,0.6060606060606061,2.401487643152657,-0.04624785081044332,119199575.40940025
0.42,1.25,4.0,7,24,0.20872490989762582,0.625,3.2258548554519217,-0.030954511698394402,120872490.98976257,38,0.2584211311806881,0.5263157894736842,2.3891446753626093,-0.051979129437123316,125842113.11806881
0.46,1.25,4.0,7,24,0.20872490989762582,0.625,3.2258548554519217,-0.030954511698394402,120872490.98976257,35,0.2720821059224847,0.5714285714285714,2.721753932556311,-0.055223270194006226,127208210.59224847
0.42,1.75,4.0,10,23,0.19808738852504315,0.6521739130434783,3.2767952937174596,-0.025026668731294104,119808738.85250431,29,0.1636677074662567,0.6206896551724138,2.40498464191114,-0.047786346134091856,116366770.74662568
0.46,1.75,4.0,10,23,0.19808738852504315,0.6521739130434783,3.2767952937174596,-0.025026668731294104,119808738.85250431,27,0.1763579170962568,0.6666666666666666,2.6990077815067304,-0.047786346134091856,117635791.70962568
0.42,1.75,4.0,7,24,0.179218070433379,0.6666666666666666,3.186627110855241,-0.02642813415433643,117921807.04333791,34,0.20168153837803748,0.6176470588235294,2.4608361030751533,-0.047786346134091856,120168153.83780375
0.46,1.75,4.0,7,24,0.179218070433379,0.6666666666666666,3.186627110855241,-0.02642813415433643,117921807.04333791,32,0.23398294555446886,0.6875,2.9426908605232747,-0.047786346134091856,123398294.55544688
0.5,1.75,3.5,7,24,0.16082233229862197,0.7083333333333334,3.187710013475011,-0.02646170774847698,116082233.2298622,33,0.1480291162937435,0.6060606060606061,2.1020063734917556,-0.047786346134091856,114802911.62937434
0.5,1.5,4.0,7,24,0.1973349528925965,0.6666666666666666,3.1640342394766696,-0.030563065817665897,119733495.28925966,33,0.24999272656816007,0.6363636363636364,2.720893168626547,-0.04879651518398158,124999272.656816
0.5,2.0,4.0,7,23,0.14925360254800113,0.6956521739130435,3.1788612489979267,-0.023492609430081475,114925360.25480011,32,0.15500723593925447,0.6875,2.3467012161958585,-0.04051245748473347,115500723.59392545
0.5,1.25,2.5,7,25,0.16177359517550283,0.68,3.0707463245878808,-0.02940949214355926,116177359.51755029,44,0.16600868591229823,0.5681818181818182,1.861168359720552,-0.05148353112232914,116600868.59122983
0.5,1.25,3.0,7,24,0.1639719487333049,0.6666666666666666,3.0757736556257456,-0.02935309713932993,116397194.87333049,41,0.15779843637969648,0.5365853658536586,1.7830907714018989,-0.06915608932938087,115779843.63796964
0.42,2.0,3.0,12,23,0.14084068301898012,0.7391304347826086,3.1176420807942784,-0.023456435552857455,114084068.30189802,34,0.2113290950175457,0.6764705882352942,2.903726126262736,-0.04051245748473347,121132909.50175457
0.38,1.5,4.0,12,27,0.2351036567685616,0.6296296296296297,2.9659450683846913,-0.075322275628481,123510365.67685616,28,0.2472156737346265,0.6428571428571429,3.255745160623107,-0.04760307014651599,124721567.37346265
0.38,2.0,4.0,12,24,0.16543334342952143,0.6666666666666666,3.0305759520515037,-0.06308038341107511,116543334.34295213,25,0.15438812468866203,0.68,3.0811691123664224,-0.04332761364533739,115438812.4688662
0.38,1.5,4.0,10,28,0.23063867658511916,0.6428571428571429,2.947244521089386,-0.08474033831258032,123063867.6585119,28,0.22388820819054533,0.6785714285714286,3.0831116109306804,-0.04760307014651599,122388820.81905454
0.38,1.5,3.5,12,29,0.23339589530911709,0.6551724137931034,2.927230125593927,-0.075322275628481,123339589.53091171,29,0.24360881440328308,0.6896551724137931,3.4923957149873406,-0.05323529199873359,124360881.44032831
0.46,1.25,3.0,12,23,0.1792490872252943,0.6521739130434783,3.0292923550054183,-0.027724891969954507,117924908.72252944,31,0.23345434455892144,0.6451612903225806,2.9118796894363412,-0.05793902583217386,123345434.45589215
0.5,1.25,2.5,10,25,0.16542064516941934,0.68,2.928780076436323,-0.027781853140109496,116542064.51694193,43,0.173832494048058,0.5581395348837209,1.8677634561488345,-0.05569325212601303,117383249.4048058
0.5,1.25,2.5,12,25,0.16542064516941934,0.68,2.928780076436323,-0.027781853140109496,116542064.51694193,41,0.17181558392731522,0.5609756097560976,1.9165810033212198,-0.059618799759584694,117181558.39273153
0.46,1.25,3.5,7,24,0.17844539023524542,0.625,2.9368829805762666,-0.03095679748247765,117844539.02352455,37,0.23803259969755386,0.5675675675675675,2.477205542365279,-0.05285202724231835,123803259.96975538
0.38,2.0,3.5,10,29,0.17335660359432525,0.6896551724137931,2.877948728592782,-0.06663017559247837,117335660.35943252,32,0.18201764456876668,0.6875,2.7344783802393566,-0.04332761364533739,118201764.45687667
0.5,1.75,2.5,7,25,0.13388952848135593,0.72,2.856976950734378,-0.02475542139310913,113388952.84813559,37,0.1391854458488695,0.6756756756756757,2.103734233565498,-0.047786346134091856,113918544.58488694
0.5,1.25,3.0,12,23,0.16881416198168342,0.6521739130434783,2.9438598511886758,-0.03531984500611025,116881416.19816834,32,0.22771993682196623,0.625,2.741267648355799,-0.0577314310178179,122771993.68219662
0.46,1.75,3.5,7,24,0.15295432665862196,0.6666666666666666,2.8907320056256527,-0.02646170774847698,115295432.66586219,33,0.1480291162937435,0.6060606060606061,2.1020063734917556,-0.047786346134091856,114802911.62937434
0.5,1.75,3.0,7,24,0.13744992646718202,0.7083333333333334,2.884803461833856,-0.027368454571803556,113744992.6467182,35,0.17931335184672514,0.7142857142857143,2.6504290430143644,-0.047786346134091856,117931335.1846725
0.5,1.5,3.5,7,24,0.16845133056614214,0.6666666666666666,2.876223536994796,-0.030549442457132602,116845133.05661422,33,0.17487655885207243,0.6060606060606061,2.2119346339100594,-0.04879651518398158,117487655.88520725
0.46,2.0,2.5,12,25,0.12442656877736624,0.72,2.8311116048986165,-0.020515268777507333,112442656.87773663,36,0.17818160042856745,0.6944444444444444,2.6115671070877493,-0.04123215044797919,117818160.04285674
0.5,1.75,2.5,10,25,0.13956991436677568,0.72,2.8267456508512847,-0.02530358578558703,113956991.43667758,36,0.1315541611598925,0.6111111111111112,1.8900717468805432,-0.0500050190363114,113155416.11598924
0.38,1.5,3.5,10,29,0.2172576973311391,0.6551724137931034,2.8111498398319674,-0.08474033831258032,121725769.7331139,30,0.19015923735693097,0.6666666666666666,2.744260438403824,-0.052751546877437175,119015923.7356931
0.42,2.0,4.0,7,23,0.14245929281800085,0.6521739130434783,2.9012431069772284,-0.023492609430081475,114245929.28180009,33,0.12960358321492071,0.6363636363636364,2.0092090974052015,-0.041846436215096754,112960358.32149208
0.46,2.0,4.0,7,23,0.14245929281800085,0.6521739130434783,2.9012431069772284,-0.023492609430081475,114245929.28180009,32,0.15500723593925447,0.6875,2.3467012161958585,-0.04051245748473347,115500723.59392545
0.46,2.0,3.0,10,22,0.12148836543115649,0.6818181818181818,2.949448029530586,-0.034326570505736086,112148836.54311565,34,0.20883080511400265,0.7058823529411765,2.866976388699128,-0.04474831779925269,120883080.51140027
0.5,1.75,2.5,12,25,0.138592558487441,0.72,2.7883975306231403,-0.0230254440022846,113859255.8487441,35,0.19505278794595093,0.6857142857142857,2.592569031540433,-0.047786346134091856,119505278.79459509
0.5,2.0,3.5,7,23,0.1278407351011095,0.6956521739130435,2.8815413243040875,-0.02352758897788776,112784073.51011094,33,0.1110242008433775,0.6060606060606061,1.8485012938287997,-0.04051245748473347,111102420.08433776
0.5,2.0,4.0,10,21,0.14495415868895623,0.6666666666666666,2.947424868035031,-0.023722668144902995,114495415.86889562,26,0.1427986587703025,0.6923076923076923,2.5909752179463683,-0.04051245748473347,114279865.87703025
0.42,2.0,2.5,12,26,0.12740072948559455,0.7307692307692307,2.7247953686565447,-0.020515268777507333,112740072.94855946,36,0.1610581517506997,0.6666666666666666,2.4074182675105753,-0.04051245748473347,116105815.17506997
0.42,1.5,4.0,7,24,0.18339603486512712,0.625,2.750751772676599,-0.030563065817665897,118339603.4865127,35,0.2116252874647202,0.5714285714285714,2.274457468367469,-0.04879651518398158,121162528.74647203
0.46,1.5,4.0,7,24,0.18339603486512712,0.625,2.750751772676599,-0.030563065817665897,118339603.4865127,33,0.24999272656816007,0.6363636363636364,2.720893168626547,-0.04879651518398158,124999272.656816
0.42,2.0,3.0,10,23,0.12370392355213489,0.6956521739130435,2.809897657870025,-0.02700608502661916,112370392.35521348,34,0.20883080511400265,0.7058823529411765,2.866976388699128,-0.04474831779925269,120883080.51140027
0.38,1.75,3.5,10,29,0.17848038852562187,0.6551724137931034,2.700488190287955,-0.07164452043946247,117848038.85256219,29,0.20907172320009493,0.7241379310344828,3.821647250475411,-0.04615562142228441,120907172.3200095
0.46,1.25,2.5,7,25,0.14945725992469971,0.64,2.6600102329347064,-0.02940949214355926,114945725.99246998,42,0.21228977309382935,0.6190476190476191,2.282025238203551,-0.05735104645240955,121228977.30938293
0.46,1.75,3.0,10,24,0.1410936469654096,0.625,2.692340345201516,-0.027274188455634858,114109364.69654095,33,0.2508818003655211,0.7272727272727273,3.481615162926378,-0.047786346134091856,125088180.03655212
0.46,1.75,3.0,12,23,0.13821628832781485,0.6521739130434783,2.736771044590787,-0.02293227486194505,113821628.83278148,30,0.21088403386483545,0.7,3.0834689565397695,-0.047786346134091856,121088403.38648354
0.46,1.25,3.0,7,24,0.1520538755485199,0.625,2.6749792164378405,-0.02935309713932993,115205387.55485198,39,0.2134383661551158,0.5897435897435898,2.293337897424014,-0.0640490190296681,121343836.61551158
0.38,1.75,4.0,10,29,0.19353671344939483,0.6206896551724138,2.6171845511484784,-0.07164452043946247,119353671.34493949,27,0.22760050113405472,0.7407407407407407,3.858279123635891,-0.04615562142228441,122760050.11340548
0.5,1.5,2.5,7,25,0.1421900008754735,0.68,2.61700244394663,-0.028582578714017405,114219000.08754736,38,0.1619075055243575,0.631578947368421,2.063246349062868,-0.051899318530950866,116190750.55243574
0.5,2.0,2.5,7,25,0.11113883860511553,0.72,2.6116048072757576,-0.022004191201560358,111113883.86051156,40,0.1568400478048182,0.725,2.3243334534606883,-0.04051245748473347,115684004.78048182
0.5,2.0,2.5,10,25,0.11605370743718724,0.72,2.595615478603466,-0.022483971673812924,111605370.74371871,37,0.1503785455075044,0.6756756756756757,2.13958190443349,-0.04063536848408188,115037854.55075045
0.46,1.75,2.5,7,25,0.12613603987135624,0.68,2.591857391650062,-0.02475542139310913,112613603.98713563,39,0.18174155265888947,0.717948717948718,2.500955180621207,-0.047786346134091856,118174155.26588894
0.38,2.0,2.5,12,32,0.15423605129064266,0.71875,2.585279607324539,-0.03232988751063927,115423605.12906428,36,0.16134282352279672,0.6666666666666666,2.4099397162463236,-0.04332761364533739,116134282.35227968
0.5,1.25,3.0,10,23,0.15534990240668334,0.6086956521739131,2.683642057974526,-0.035982712113620294,115534990.24066833,37,0.17823558247328664,0.5405405405405406,1.9912807839206872,-0.060950895008652216,117823558.24732867
0.46,1.75,2.5,10,25,0.13178636072677574,0.68,2.576734450779033,-0.02530358578558703,113178636.07267757,36,0.15492994533633242,0.6388888888888888,2.107329734228294,-0.047786346134091856,115492994.53363323
0.5,1.75,3.0,12,22,0.13480097733781493,0.6818181818181818,2.724519177032317,-0.02293227486194505,113480097.73378149,30,0.21088403386483545,0.7,3.0834689565397695,-0.047786346134091856,121088403.38648354
0.46,1.25,3.0,10,24,0.1604363598502947,0.5833333333333334,2.618858386114427,-0.029221457282519004,116043635.98502947,36,0.2622117649829758,0.6388888888888888,2.7579291035810805,-0.04558888973942442,126221176.49829759
0.46,1.25,2.5,10,25,0.15304649384489855,0.64,2.5662130882530874,-0.027781853140109496,115304649.38448986,39,0.21776959840974563,0.6153846153846154,2.3866179920892954,-0.04558888973942442,121776959.84097457
0.46,1.25,2.5,12,25,0.15304649384489855,0.64,2.5662130882530874,-0.027781853140109496,115304649.38448986,37,0.2401891920554906,0.6486486486486487,2.6726713652510283,-0.04572336078536015,124018919.20554906
0.46,1.75,3.0,7,24,0.12976347860718196,0.6666666666666666,2.6184472611860774,-0.026114230881165077,112976347.86071819,35,0.21046246763059484,0.7428571428571429,3.151370562008071,-0.047786346134091856,121046246.76305948
0.5,1.5,3.0,7,24,0.14326744354452137,0.6666666666666666,2.612578576909813,-0.0294409938376115,114326744.35445213,36,0.18342167351980798,0.6388888888888888,2.197998350632887,-0.05685926765328887,118342167.3519808
0.46,1.75,2.5,12,25,0.1308127722174408,0.68,2.545113545490089,-0.0230254440022846,113081277.22174409,35,0.204640389070605,0.6857142857142857,2.7997055986536505,-0.047786346134091856,120464038.90706049
0.46,1.5,3.0,12,23,0.1590266486650218,0.6521739130434783,2.626044159477483,-0.028104547726378094,115902664.86650218,30,0.22524456412530025,0.6666666666666666,2.9080387084263615,-0.0558357893239304,122524456.41253002
0.5,1.5,2.5,10,25,0.1456197769762544,0.68,2.5174268801683093,-0.026927335605212953,114561977.69762543,36,0.16502665264451677,0.6111111111111112,2.0226899074665874,-0.05376182568355284,116502665.26445167
0.5,1.5,2.5,12,25,0.1456197769762544,0.68,2.5174268801683093,-0.026927335605212953,114561977.69762543,35,0.21504061104330363,0.6571428571428571,2.6075114214342308,-0.050762751109879746,121504061.10433036
0.5,1.75,3.0,10,23,0.1324583288554093,0.6521739130434783,2.6166702823172248,-0.03494541939342902,113245832.88554093,33,0.15489579428489453,0.6363636363636364,2.135702434275511,-0.047786346134091856,115489579.42848946
0.42,1.25,3.5,7,25,0.15426213136088784,0.6,2.486211526777035,-0.04207439358730168,115426213.13608877,40,0.21469970848214337,0.55,2.213568752117574,-0.054506931386598824,121469970.84821433
0.5,2.0,3.0,7,23,0.10758701966050976,0.6956521739130435,2.592666088625462,-0.021964917038693577,110758701.96605098,36,0.1293359501417457,0.6388888888888888,1.9802288494744842,-0.04051245748473347,112933595.01417457
0.46,2.0,3.5,7,23,0.11776362933110951,0.6521739130434783,2.5851637874623417,-0.02352758897788776,111776362.93311095,34,0.15981300451945435,0.6470588235294118,2.206223383379871,-0.04051245748473347,115981300.45194544
0.42,2.0,4.0,10,21,0.13470184871895619,0.6190476190476191,2.6648780076939143,-0.023310247491545123,113470184.87189563,27,0.18443523830517194,0.7037037037037037,3.0545766296194836,-0.04051245748473347,118443523.83051719
0.46,2.0,4.0,10,21,0.13470184871895619,0.6190476190476191,2.6648780076939143,-0.023310247491545123,113470184.87189563,26,0.1536051674956178,0.6923076923076923,2.7099812851624923,-0.04051245748473347,115360516.74956177
0.46,1.5,3.5,7,24,0.1548536378266414,0.625,2.50248160451665,-0.030549442457132602,115485363.78266414,33,0.17487655885207243,0.6060606060606061,2.2119346339100594,-0.04879651518398158,117487655.88520725
0.5,1.5,3.0,12,23,0.14775963501161526,0.6521739130434783,2.52147183199767,-0.03731650248690797,114775963.50116153,30,0.22524456412530025,0.6666666666666666,2.9080387084263615,-0.0558357893239304,122524456.41253002
0.38,2.0,3.0,12,29,0.13986871848421134,0.6896551724137931,2.411203321132033,-0.05997468124721592,113986871.84842113,32,0.1722977491623383,0.6875,2.7289983882301168,-0.05447880873342662,117229774.91623382
0.42,1.75,3.5,7,25,0.1299216183108418,0.64,2.3878813376786474,-0.0412435442868637,112992161.83108419,35,0.14647980728718846,0.6,2.0275438195898956,-0.047786346134091856,114647980.72871885
0.42,2.0,3.5,7,24,0.11537616178685628,0.6666666666666666,2.4376252034720642,-0.023788629447902002,111537616.17868564,35,0.15965809567683764,0.6571428571428571,2.153307545096139,-0.04051245748473347,115965809.56768376
0.46,1.5,2.5,7,25,0.12884695979297245,0.64,2.2788303587887104,-0.028582578714017405,112884695.97929725,40,0.18938358724010596,0.65,2.19002895974771,-0.04879651518398158,118938358.72401059
0.46,2.0,2.5,10,25,0.10094886186718721,0.68,2.2796518704165876,-0.022483971673812924,110094886.18671872,38,0.12202969635461991,0.631578947368421,1.8361781509121367,-0.04747611253917306,112202969.63546199
0.46,2.0,2.5,7,25,0.09609956304511558,0.68,2.2797977403983976,-0.022004191201560358,109609956.30451155,40,0.1568400478048182,0.725,2.3243334534606883,-0.04051245748473347,115684004.78048182
0.46,1.5,3.0,10,24,0.14096707156002197,0.5833333333333334,2.305953996344435,-0.03084757755981517,114096707.1560022,33,0.30398258282277424,0.7272727272727273,3.7579801029905706,-0.04879651518398158,130398258.28227742
0.42,1.75,3.0,12,24,0.12063591698359288,0.625,2.308412633753368,-0.028723082699103265,112063591.69835928,31,0.2092884819148355,0.6774193548387096,3.035616830857453,-0.047786346134091856,120928848.19148354
0.42,1.25,2.5,7,26,0.12662127923500877,0.6153846153846154,2.2542394421821146,-0.02940949214355926,112662127.92350087,45,0.18911238951491005,0.5777777777777777,2.064357200965872,-0.058579303298093625,118911238.951491
0.42,1.25,3.0,7,25,0.12824702264625598,0.6,2.253910111744204,-0.04490595422138187,112824702.26462561,41,0.19952235291712261,0.5609756097560976,2.119207168187147,-0.06089993723182111,119952235.29171227
0.46,1.5,3.0,7,24,0.12996723621290807,0.625,2.2757539239471303,-0.028527635644884874,112996723.6212908,36,0.21523037616381968,0.6666666666666666,2.508673282925779,-0.05667281387785887,121523037.61638197
0.42,2.0,2.5,10,26,0.1037619294105292,0.6923076923076923,2.223980487581209,-0.022614919419146708,110376192.94105291,38,0.11406995936595954,0.6052631578947368,1.8103450485624573,-0.060775267262244276,111406995.93659595
0.46,2.0,3.0,7,23,0.09767503231051,0.6521739130434783,2.323516483838052,-0.021964917038693577,109767503.231051,35,0.169326702802018,0.6857142857142857,2.548732202007958,-0.04349538632120413,116932670.28020181
0.46,1.5,2.5,10,25,0.13222946016300519,0.64,2.2150888758342937,-0.026927335605212953,113222946.01630053,36,0.19342780502458323,0.6388888888888888,2.2787904847529727,-0.04879651518398158,119342780.50245833
0.46,1.5,2.5,12,25,0.13222946016300519,0.64,2.2150888758342937,-0.026927335605212953,113222946.01630053,35,0.24510289185921974,0.6857142857142857,2.9975835509607656,-0.05075955653221821,124510289.18592198
0.42,1.25,3.0,12,24,0.1394528193956368,0.5833333333333334,2.26570099918035,-0.044714997833366216,113945281.93956368,33,0.21933539405187696,0.6060606060606061,2.6177076727858806,-0.05482223080834569,121933539.4051877
0.42,2.0,2.5,7,26,0.09889801038258916,0.6923076923076923,2.221647009619923,-0.02262045554006203,109889801.03825893,42,0.13813601714554746,0.6666666666666666,2.113570570826826,-0.04051245748473347,113813601.71455476
0.5,1.5,3.0,10,23,0.13449884080661545,0.6086956521739131,2.3127013459284878,-0.03797636560405362,113449884.08066154,34,0.19646084883739134,0.6176470588235294,2.3034410199831092,-0.05185227559901566,119646084.88373914
0.38,2.0,3.0,10,29,0.12201140739379635,0.6551724137931034,2.20925464969154,-0.060621511583176524,112201140.73937964,35,0.21095427039896286,0.7142857142857143,3.0294167108698344,-0.04332761364533739,121095427.0398963
0.38,2.0,2.5,10,32,0.13003288872989827,0.6875,2.198875038047573,-0.03232988751063927,113003288.87298982,37,0.10005315915776403,0.5945945945945946,1.7157697324042707,-0.06076334177262263,110005315.9157764
0.42,1.25,2.5,10,26,0.13016360252993553,0.6153846153846154,2.1978632944582244,-0.027781853140109496,113016360.25299355,39,0.16991539138624678,0.5897435897435898,2.0078141002190026,-0.046644110265132724,116991539.13862467
0.42,1.25,2.5,12,26,0.13016360252993553,0.6153846153846154,2.1978632944582244,-0.027781853140109496,113016360.25299355,38,0.20684716527289626,0.6052631578947368,2.306757536057042,-0.04558888973942442,120684716.52728963
0.38,1.75,2.5,10,32,0.14285024966488336,0.65625,2.18347102526252,-0.03404692028669985,114285024.96648835,37,0.1526663397513841,0.6216216216216216,2.0868234836047868,-0.0645842739867746,115266633.97513841
0.38,1.75,2.5,12,32,0.14186783940902492,0.65625,2.164670057701861,-0.03404692028669985,114186783.94090249,38,0.19333677684498318,0.6578947368421053,2.386551408085582,-0.04681273446083879,119333677.68449832
0.42,1.75,3.0,7,25,0.10711414362606297,0.64,2.1557948444971284,-0.04408151170082264,110711414.36260629,37,0.2054691864850784,0.7027027027027027,2.9911466052413096,-0.047786346134091856,120546918.64850783
0.42,2.0,3.0,7,24,0.09531060172882477,0.6666666666666666,2.196248226421933,-0.02741640640142999,109531060.17288247,37,0.16512857868398156,0.6486486486486487,2.450373680139707,-0.04129160353534812,116512857.86839816
0.42,1.75,2.5,10,26,0.1094775550604794,0.6538461538461539,2.1416357700332163,-0.027969060675008504,110947755.50604795,36,0.1398480627766463,0.6111111111111112,2.001249598970815,-0.06466907299644235,113984806.27766463
0.42,1.75,2.5,7,26,0.10395013162491029,0.6538461538461539,2.136185282906824,-0.027968122170114407,110395013.16249104,42,0.14673994526058576,0.6428571428571429,2.0415097566667817,-0.04825779894748572,114673994.52605858
0.42,1.5,3.5,7,25,0.1297401145601904,0.6,2.119034456611178,-0.04437823648608663,112974011.45601904,36,0.16618619049368988,0.5833333333333334,2.1099146817107544,-0.04879651518398158,116618619.04936899
0.38,2.0,4.0,10,27,0.12672525363348797,0.5925925925925926,2.121918441197582,-0.06663017559247837,112672525.3633488,30,0.13902432936874365,0.6333333333333333,2.219494248439878,-0.04332761364533739,113902432.93687436
0.42,1.75,2.5,12,26,0.1085284226402412,0.6538461538461539,2.1192415264035245,-0.027948650980007376,110852842.26402412,35,0.18301593128963867,0.6571428571428571,2.5262810829917224,-0.047786346134091856,118301593.12896386
0.38,1.25,2.5,10,32,0.14424251000249044,0.59375,2.016612307282307,-0.043184787917613154,114424251.00024904,38,0.1604958500137792,0.5789473684210527,1.9797143311883543,-0.05323294475402681,116049585.00137791
0.38,1.25,2.5,12,32,0.14424251000249044,0.59375,2.016612307282307,-0.043184787917613154,114424251.00024904,40,0.18671313738767492,0.575,2.0439717838069713,-0.05291879683622936,118671313.73876749
0.38,1.75,4.0,7,31,0.12070723366749636,0.5483870967741935,2.0221449521373405,-0.07591485886895194,112070723.36674963,35,0.19438743984680218,0.6285714285714286,2.3944159855258618,-0.04615562142228441,119438743.98468022
0.42,1.25,3.0,10,25,0.12063671972063661,0.52,1.9973645285272565,-0.05694940985492078,112063671.97206366,38,0.23119123728687474,0.6052631578947368,2.487152623028453,-0.04894528695091672,123119123.72868747
0.38,1.75,3.0,12,30,0.12434447332490417,0.6,1.9902855318128634,-0.06407168320868475,112434447.33249041,33,0.17384682542477403,0.6363636363636364,2.3624409481291506,-0.053122766124406244,117384682.54247741
0.42,1.75,3.0,10,25,0.10412626287022153,0.56,1.9835852255544646,-0.04595335722215736,110412626.28702214,33,0.2508818003655211,0.7272727272727273,3.481615162926378,-0.047786346134091856,125088180.03655212
0.38,2.0,2.5,7,33,0.10194689434337922,0.6363636363636364,1.9458247811655676,-0.029261364085624606,110194689.43433791,41,0.13288358088151386,0.6829268292682927,2.0038862069745402,-0.04332761364533739,113288358.08815138
0.38,1.25,4.0,7,31,0.13018863093175437,0.5161290322580645,1.9432838544265072,-0.09129150328797059,113018863.09317544,38,0.2766751461755983,0.6052631578947368,2.7770013123825756,-0.04624785081044332,127667514.61755984
0.42,1.5,2.5,7,26,0.10472438712586163,0.6153846153846154,1.9257087694806152,-0.028582578714017405,110472438.71258616,43,0.1903310055756915,0.627906976744186,2.1537845854929967,-0.04879651518398158,119033100.55756915
0.42,1.5,3.0,7,25,0.10531418420779337,0.6,1.9196712064171002,-0.0472273591844329,110531418.42077935,38,0.20024120562183878,0.631578947368421,2.270153473194254,-0.05667281387785887,120024120.56218387
0.38,1.75,2.5,7,33,0.10910295082090804,0.6060606060606061,1.902001640307642,-0.031912525319758855,110910295.0820908,41,0.1421810103928829,0.6585365853658537,1.9551456239960063,-0.04688910848811355,114218101.03928828
0.42,1.5,3.0,12,24,0.11666016928373524,0.5833333333333334,1.9482236817054917,-0.04791325972326387,111666016.92837353,32,0.2106024265938553,0.625,2.581209229111974,-0.05262979629065539,121060242.65938553
0.42,1.5,2.5,10,26,0.10804679772159975,0.6153846153846154,1.8912426101025885,-0.02747317101586149,110804679.77215998,37,0.16131227635921386,0.5945945945945946,1.9739698998378463,-0.06402236971601728,116131227.63592139
0.42,1.5,2.5,12,26,0.10804679772159975,0.6153846153846154,1.8912426101025885,-0.02747317101586149,110804679.77215998,36,0.2045312096827423,0.6388888888888888,2.406743627277897,-0.04879651518398158,120453120.96827424
0.38,1.25,2.5,7,33,0.12195446045853764,0.5757575757575758,1.8585308309577633,-0.043184787917613154,112195446.04585376,45,0.19868551037480575,0.6,2.175132309171102,-0.05860164592084894,119868551.03748058
0.38,2.0,4.0,7,30,0.08969012519037811,0.5333333333333333,1.821938957921363,-0.06920015985784994,108969012.51903781,34,0.10547472779876732,0.6176470588235294,1.7544284161605663,-0.04332761364533739,110547472.77987672
0.38,1.25,3.0,12,30,0.11788639679810098,0.5333333333333333,1.7896063996300624,-0.0750130721756001,111788639.6798101,38,0.16340020529799903,0.5,1.8459209313805613,-0.05676753072031573,116340020.52979991
0.38,1.5,2.5,10,32,0.11916085057689618,0.59375,1.7621463378002777,-0.04392610389498862,111916085.05768962,37,0.1326866931577384,0.5945945945945946,1.808057833130028,-0.059442483264536196,113268669.31577383
0.38,1.5,2.5,12,32,0.11916085057689618,0.59375,1.7621463378002777,-0.04392610389498862,111916085.05768962,38,0.17657715147465036,0.6052631578947368,2.040535124397469,-0.05239827234637431,117657715.14746504
0.38,1.75,3.0,10,31,0.10689834968792211,0.5483870967741935,1.7680239992199074,-0.06480692808112794,110689834.96879221,35,0.2533791773420655,0.7142857142857143,3.2789166859801995,-0.04615562142228441,125337917.73420656
0.42,1.5,3.0,10,25,0.0987017611787353,0.52,1.7417215619894795,-0.05990144201772243,109870176.11787353,36,0.2836279188421551,0.6666666666666666,3.1666934867957885,-0.04879651518398158,128362791.8842155
0.38,1.5,4.0,7,31,0.10752599426589171,0.5161290322580645,1.7113445202958197,-0.09188509279822954,110752599.42658916,37,0.1937789687676421,0.5945945945945946,2.1485017476302053,-0.05468192365689599,119377896.87676421
0.38,1.5,2.5,7,33,0.09962619192629707,0.5757575757575758,1.6430294353335844,-0.04392610389498862,109962619.19262971,44,0.2132241336521199,0.6363636363636364,2.3175395198194835,-0.05235943261578993,121322413.365212
0.38,1.25,3.0,10,31,0.09835602162053725,0.4838709677419355,1.6157131816450407,-0.07592456220918678,109835602.16205373,38,0.21951734536660994,0.6052631578947368,2.4502212633267715,-0.05045019518696701,121951734.536661
0.38,1.75,3.5,7,32,0.07649200204738116,0.53125,1.591384026715448,-0.07591485886895194,107649200.20473811,36,0.15383528900939036,0.6111111111111112,2.0747602765881386,-0.04615562142228441,115383528.90093905
0.38,2.0,3.5,7,31,0.06621519375401763,0.5483870967741935,1.5791278903488013,-0.06920015985784994,106621519.37540177,36,0.12724618360749118,0.6111111111111112,1.9066953571050371,-0.04332761364533739,112724618.36074911
0.38,1.25,3.5,7,32,0.08289463483491843,0.5,1.5616995510808878,-0.09129150328797059,108289463.48349185,40,0.2172425820238808,0.575,2.2951358152332246,-0.054466420648830026,121724258.20238808
0.38,1.5,3.0,12,30,0.09197703870054541,0.5333333333333333,1.5569207290195994,-0.07680174674702643,109197703.87005454,34,0.20885450446117138,0.6176470588235294,2.546762093283675,-0.05722787937332856,120885450.44611715
0.38,1.75,3.0,7,32,0.07157316074744946,0.53125,1.5507379361832552,-0.06733345833367632,107157316.07474494,38,0.20376844214126377,0.7105263157894737,2.9769465750186033,-0.04615562142228441,120376844.21412638
0.38,2.0,3.0,7,31,0.06171445792603003,0.5483870967741935,1.5370918852487316,-0.06166331822250101,106171445.792603,38,0.17882404055079903,0.6842105263157895,2.7684490283948793,-0.04332761364533739,117882404.0550799
0.38,1.25,3.0,7,32,0.0772653647566568,0.5,1.5201849839165373,-0.08170114684864918,107726536.47566567,41,0.18656631152172487,0.5853658536585366,2.1190280073412073,-0.055363250157070165,118656631.15217249
0.38,1.5,3.0,10,31,0.07341486029718491,0.4838709677419355,1.4198779976211764,-0.07764777729615907,107341486.02971849,36,0.24472394749402104,0.6388888888888888,2.7322715641810715,-0.04760307014651599,124472394.7494021
0.38,1.5,3.5,7,32,0.060294689386330313,0.5,1.37242010620618,-0.09188509279822954,106029468.93863304,38,0.15569297002417049,0.5526315789473685,1.8852435998901076,-0.04760307014651599,115569297.00241706
0.38,1.5,3.0,7,32,0.05490195756279115,0.5,1.3376458154165698,-0.08300393024354062,105490195.75627911,39,0.19442472167872604,0.6410256410256411,2.2302596494693843,-0.056678719797661425,119442472.16787261
