breadth,stop_atr,target_atr,hold,trades,return,win_rate,pf,dd,final,score
0.5,2.0,3.5,12,47,0.4946210298463214,0.7659574468085106,5.177745263995905,-0.04293753225857901,149462102.98463213,21.22243119204108
0.46,2.0,3.5,12,46,0.4429961951995365,0.7391304347826086,4.757264535738073,-0.05380167534283183,144299619.51995364,19.482110022219544
0.46,1.75,3.5,12,46,0.481836036087262,0.7391304347826086,4.506988678923938,-0.08474678292703111,148183603.6087262,18.50437388205863
0.5,1.75,3.5,12,47,0.5032370646313902,0.7446808510638298,4.476512405945539,-0.07125267413995402,150323706.46313903,18.410894393896758
0.42,2.0,3.5,12,47,0.4310295901595367,0.723404255319149,4.318917895313827,-0.05380167534283183,143102959.01595366,17.715970546509386
0.46,2.0,3.5,10,51,0.4610655506974424,0.7450980392156863,4.294901194498436,-0.06717189041047918,146106555.06974423,17.644339285446733
0.42,1.75,3.5,12,48,0.49000709097346373,0.7291666666666666,4.102504891873746,-0.06646736570143055,149000709.09734637,16.903251308951067
0.38,1.75,3.5,12,55,0.5561182308206687,0.7090909090909091,4.068802209013044,-0.06896791282374236,155611823.08206686,16.832297655915518
0.46,1.25,4.0,10,53,0.6594649057951074,0.660377358490566,3.8990159237791637,-0.06543594527439683,165946490.57951075,16.255829496199095
0.42,2.0,3.5,10,53,0.4618188119282156,0.7169811320754716,3.9444542570771306,-0.05900492930265537,146181881.19282156,16.245982432189184
0.5,1.25,3.5,12,50,0.5687915129246595,0.66,3.770924366245621,-0.06550434455013296,156879151.29246596,15.652736805632077
0.5,1.5,3.5,12,50,0.5556360273524701,0.7,3.647553682841059,-0.07196363916463386,155563602.73524702,15.14486893913439
0.42,1.75,3.5,10,51,0.4369169783909932,0.6862745098039216,3.594863623555567,-0.06802145246806533,143691697.83909932,14.816674471869424
0.5,1.25,3.5,10,53,0.5763487345831844,0.6792452830188679,3.540862084291797,-0.04470081739610867,157634873.45831844,14.751408927203261
0.5,1.75,3.5,10,49,0.43926997779150523,0.7142857142857143,3.5615389402452946,-0.06168729832558004,143926997.77915052,14.69029637532418
0.46,1.75,3.5,10,49,0.4139788376870954,0.6938775510204082,3.5449018606327396,-0.07901760723058997,141397883.76870954,14.58877135415378
0.38,1.25,4.0,10,60,0.6228463032476896,0.6333333333333333,3.4925678608955137,-0.08373654086389745,162284630.32476896,14.582916143064462
0.5,1.25,4.0,10,52,0.6095437993339556,0.6346153846153846,3.4615892190564868,-0.0341751244901932,160954379.93339556,14.470543882545575
0.38,2.0,3.5,12,53,0.4193026024671038,0.7169811320754716,3.5089720490989653,-0.06308038341107511,141930260.2467104,14.4594996637612
0.42,1.25,4.0,10,57,0.6484086292002258,0.6140350877192983,3.3847746139286685,-0.06543594527439683,164840862.92002258,14.185490866663667
0.42,1.25,3.5,12,51,0.5409556724387312,0.6470588235294118,3.3383096368095373,-0.07200552930423407,154095567.24387312,13.890544396201234
0.46,1.5,3.5,12,50,0.507521136523067,0.68,3.345051847194309,-0.10022774942435424,150752113.6523067,13.871614650588127
0.5,1.75,4.0,7,55,0.5028833440245408,0.6909090909090909,3.326614889670811,-0.04596644803160217,150288334.40245408,13.820905133237439
0.46,1.25,3.5,12,49,0.4914040116455105,0.6530612244897959,3.3238255811005972,-0.09558935743197793,149140401.16455105,13.7715647185564
0.5,1.5,4.0,10,51,0.5679556312093252,0.6666666666666666,3.290273769558494,-0.05564189250439091,156795563.12093252,13.734563096524438
0.46,1.5,3.5,10,52,0.4887031100305965,0.6923076923076923,3.2937542270514237,-0.09113200810927603,148870311.00305966,13.652769398797039
0.46,2.0,3.0,12,54,0.41370357979867456,0.7037037037037037,3.302646293678033,-0.07193327787535236,141370357.97986746,13.623507300758316
0.46,1.25,3.5,10,54,0.5280822072240805,0.6666666666666666,3.270845742227516,-0.08328085788392077,152808220.72240806,13.603158080525517
0.5,1.75,4.0,12,47,0.45256073151788945,0.6170212765957447,3.234704033360067,-0.060579079539531205,145256073.15178895,13.39193838901818
0.38,1.75,3.5,10,58,0.44420768459512616,0.6724137931034483,3.215112609078093,-0.07164452043946247,144420768.45951262,13.302456550342939
0.38,1.75,4.0,10,55,0.4697206482854148,0.6727272727272727,3.2018927521797407,-0.07164452043946247,146972064.8285415,13.27510576042101
0.5,1.5,3.5,10,52,0.5062408074150655,0.6923076923076923,3.170070112112678,-0.052388121139071785,150624080.74150655,13.194942579911627
0.42,1.5,3.5,12,52,0.5199468269511434,0.6730769230769231,3.167272886400788,-0.07689901196108374,151994682.69511434,13.184242712727599
0.38,1.5,3.5,12,58,0.5398830925357041,0.6551724137931034,3.159182395521138,-0.0757344911007246,153988309.2535704,13.171504049759548
0.42,1.5,4.0,10,54,0.5675934277036354,0.6481481481481481,3.063896306890585,-0.07302741442345011,156759342.77036354,12.819072355461657
0.5,2.0,3.5,10,51,0.39040285385504614,0.6862745098039216,3.0853496755806256,-0.05294406861473251,139040285.3855046,12.739643247360378
0.5,1.75,4.0,10,49,0.44005892356352216,0.6530612244897959,3.0728330187609783,-0.052155333165979444,144005892.3563522,12.737966393248934
0.5,1.5,4.0,12,49,0.5035772764739428,0.6122448979591837,3.027205066733806,-0.05962556770722773,150357727.64739427,12.61319700445351
0.42,1.5,4.0,12,51,0.5177619359507633,0.6078431372549019,3.0101018464042455,-0.10769265108041887,151776193.59507632,12.534715152890282
0.46,1.5,4.0,10,52,0.5157812632677308,0.6538461538461539,2.9988742013154908,-0.07302741442345011,151578126.32677308,12.507456669010278
0.5,2.0,4.0,12,43,0.31403319273895325,0.6511627906976745,3.041021032740068,-0.05173294797905692,131403319.27389532,12.48480898924458
0.46,1.75,3.0,10,57,0.4245385023092758,0.6666666666666666,3.0142209368362636,-0.08246660090244569,142453850.2309276,12.47352228253644
0.42,1.5,3.5,10,54,0.48461734974160064,0.6666666666666666,2.985507104577386,-0.07606731642007741,148461734.97416008,12.42194544317444
0.46,1.75,4.0,7,56,0.461096692070323,0.6785714285714286,2.97604903026041,-0.06458094808760696,146109669.2070323,12.36693091049673
0.5,2.0,3.0,12,54,0.38063023697913234,0.6851851851851852,2.978621825013211,-0.06219566778286709,138063023.69791323,12.298278962399804
0.42,1.75,4.0,12,47,0.4104822311162739,0.5957446808510638,2.9765989944925617,-0.09860936154068439,141048223.1116274,12.297360762358732
0.46,1.75,4.0,12,47,0.4104822311162739,0.5957446808510638,2.9765989944925617,-0.09860936154068439,141048223.1116274,12.297360762358732
0.46,1.75,4.0,10,49,0.41375534681420745,0.6530612244897959,2.969959955629433,-0.06734750240057748,141375534.68142074,12.292574479356142
0.5,1.25,3.0,12,55,0.4728304361191369,0.6363636363636364,2.94228883044085,-0.05776696275350333,147283043.61191368,12.244920458323966
0.42,1.25,3.5,10,57,0.5224259567046368,0.631578947368421,2.9296571286890427,-0.06882003323453237,152242595.67046368,12.238223402211963
0.5,1.5,4.0,7,57,0.5271363036009371,0.631578947368421,2.915550486656504,-0.04665815406412339,152713630.3600937,12.197588120563314
0.38,1.25,3.5,12,61,0.5695853581560806,0.6065573770491803,2.872305761791928,-0.07707549592282166,156958535.81560805,12.050598526214841
0.38,1.5,4.0,10,57,0.4971569641111908,0.6491228070175439,2.8817016863103255,-0.08474033831258032,149715696.41111907,12.01404968054708
0.5,1.5,3.0,12,53,0.4392517396712876,0.660377358490566,2.86468153406821,-0.055783346111989165,143925173.96712875,11.903105070812662
0.46,1.75,3.0,7,59,0.3721805186122651,0.711864406779661,2.864647992748602,-0.06784155255752294,137218051.8612265,11.832444933666894
0.5,1.25,4.0,7,61,0.5609050722173188,0.5737704918032787,2.8053616361816682,-0.06982319263938108,156090507.22173187,11.776128545214466
0.42,2.0,3.0,10,57,0.3706694670339652,0.6842105263157895,2.8431353588871433,-0.058976168611724306,137066946.70339653,11.747933344592465
0.5,2.0,4.0,10,47,0.33455197487903443,0.6595744680851063,2.8030346810926186,-0.04356778540750571,133455197.48790345,11.55788552995001
0.46,1.25,4.0,7,61,0.5347829235396093,0.5737704918032787,2.754206170550212,-0.07731451755251108,153478292.35396093,11.541638871554365
0.5,2.0,4.0,7,54,0.35727339561088645,0.6851851851851852,2.7890943293286563,-0.037747108512382554,135727339.56108865,11.52903641792858
0.42,1.75,4.0,10,51,0.3985029021742075,0.6274509803921569,2.768884925119413,-0.06734750240057748,139850290.21742076,11.47174140047118
0.38,2.0,3.5,10,61,0.3994201578891494,0.6721311475409836,2.7677769753563752,-0.06663017559247837,139942015.78891495,11.47081952889546
0.46,2.0,3.0,10,56,0.3511077192472165,0.6785714285714286,2.7589332390109673,-0.06938717561227283,135110771.92472166,11.386075658913521
0.46,1.5,3.0,10,59,0.4618916150289212,0.6440677966101694,2.735056385735394,-0.09742470883474008,146189161.5028921,11.385608193383636
0.46,1.75,3.0,12,52,0.3614306796483904,0.6538461538461539,2.753521084744847,-0.08706772571779954,136143067.96483904,11.364673463461186
0.5,1.75,3.0,12,52,0.36128011130582993,0.6538461538461539,2.751139209976443,-0.07272641109398713,136128011.130583,11.362166053356916
0.42,2.0,4.0,10,48,0.34183845349762376,0.6458333333333334,2.7474718799253517,-0.06547146031398801,134183845.34976237,11.331281909708705
0.46,1.25,4.0,12,53,0.49446306136043194,0.5471698113207547,2.704457985553436,-0.10209410528757033,149446306.1360432,11.288606441496427
0.42,2.0,3.0,12,58,0.37017663463391903,0.6551724137931034,2.720582683679087,-0.07338032973732082,137017663.4633919,11.248575825171262
0.38,1.5,4.0,12,56,0.4730145509555137,0.5892857142857143,2.6785170921940167,-0.10656026790494197,147301455.09555137,11.163267071493394
0.5,2.0,3.0,10,54,0.33060992682051116,0.6851851851851852,2.6910176556076864,-0.05336578182935141,133060992.68205112,11.10225691759584
0.42,1.75,4.0,7,58,0.4227794320914018,0.6379310344827587,2.6626919302624317,-0.06458094808760696,142277943.20914018,11.073153230821463
0.5,1.75,3.0,7,59,0.3453494045519001,0.6949152542372882,2.681305483046782,-0.06480827886064866,134534940.45519,11.072912960020568
0.38,2.0,3.0,10,64,0.3709838108443153,0.671875,2.652355370085037,-0.0617246750892336,137098381.08443153,10.983136703639845
0.46,1.25,3.0,12,57,0.43201684102895466,0.6140350877192983,2.633749139482287,-0.09231451569475244,143201684.10289547,10.951557895496691
0.38,2.0,4.0,12,50,0.3153325400489957,0.64,2.6613487777696543,-0.09074805356459051,131533254.00489958,10.947353624345318
0.38,1.25,3.5,10,64,0.49118782863666244,0.609375,2.6136993430980753,-0.08373654086389745,149118782.86366624,10.934585680597017
0.46,1.5,4.0,12,50,0.4344230523151693,0.58,2.6298139953836266,-0.10769265108041887,143442305.23151693,10.928832708309466
0.38,1.5,3.5,10,61,0.45184327194370155,0.639344262295082,2.607426335166601,-0.08474033831258032,145184327.19437015,10.871145656568569
0.42,1.75,3.0,7,62,0.3511109795826519,0.6774193548387096,2.6205830863589146,-0.06542667582710736,135111097.9582652,10.83460095484669
0.42,1.75,3.0,10,58,0.3700952886537827,0.6379310344827587,2.5985674647037764,-0.08952866060195194,137009528.86537826,10.75149736889205
0.5,1.25,4.0,12,52,0.46866881491788837,0.5384615384615384,2.561300644666771,-0.06137139099618001,146866881.49178883,10.710108775009962
0.5,1.75,3.5,7,56,0.3595860474085004,0.6428571428571429,2.5785939183746494,-0.051291390551533034,135958604.74085003,10.680458882774188
0.42,1.25,4.0,7,64,0.5183533899347448,0.546875,2.5308744957750435,-0.07731451755251108,151835338.99347448,10.630537864258663
0.46,1.5,4.0,7,59,0.46572624928852324,0.6101694915254238,2.5415916783044676,-0.08726001057894778,146572624.92885232,10.618971431793192
0.42,1.75,3.0,12,54,0.34414339004907335,0.6296296296296297,2.569553089558143,-0.08302680124023538,134414339.00490734,10.612323829143008
0.46,2.0,4.0,10,47,0.3070303452364058,0.6382978723404256,2.569868430459971,-0.06547146031398801,130703034.52364059,10.585683230536317
0.46,1.75,2.5,12,60,0.3507463128517454,0.6666666666666666,2.55765476826814,-0.07367266584444583,135074631.28517455,10.577862386335417
0.46,2.0,2.5,12,61,0.3221074505914958,0.6885245901639344,2.5627253868899214,-0.06468991036426848,132210745.05914958,10.575090272477244
0.5,2.0,2.5,12,61,0.3214387427791914,0.6885245901639344,2.555056372108483,-0.06520278781250684,132143874.27791914,10.543489066815068
0.42,1.25,4.0,12,54,0.4714799165135477,0.5370370370370371,2.515371797510369,-0.10209410528757033,147147991.65135476,10.50877190576309
0.46,1.25,3.5,7,63,0.45097813170393564,0.5714285714285714,2.499060221734003,-0.0807255344874886,145097813.17039356,10.435427679967633
0.46,1.25,2.5,12,65,0.42922271694052316,0.6307692307692307,2.498274172804672,-0.07220054551993858,142922271.6940523,10.417757596937705
0.46,1.25,3.0,10,62,0.44754232393079363,0.5967741935483871,2.49276295111296,-0.09050415793729813,144754232.39307937,10.403180759091402
0.46,1.5,2.5,12,63,0.4073842502728966,0.6507936507936508,2.489374307674425,-0.07682065122213758,140738425.02728966,10.35901083789921
0.38,1.75,4.0,12,53,0.3818362834360236,0.5660377358490566,2.4833238052650795,-0.09706500934472909,138183628.34360236,10.29490088661643
0.5,1.5,2.5,12,60,0.3841894662235803,0.65,2.4679654340304857,-0.06063261893534584,138418946.62235802,10.25823489287785
0.5,1.5,3.5,7,57,0.391464926487469,0.6140350877192983,2.4651059992409463,-0.05298147881992301,139146492.6487469,10.256099938427258
0.46,2.0,4.0,7,55,0.3207953775238819,0.6727272727272727,2.4785621228503865,-0.056652897854591995,132079537.75238818,10.240353783634495
0.46,1.75,2.5,7,64,0.32782625352393335,0.703125,2.4650891259404344,-0.06787229581756284,132782625.35239333,10.189402859376889
0.42,2.0,4.0,12,44,0.26029096915244887,0.6136363636363636,2.482417557888912,-0.0880649943717883,126029096.91524488,10.17661052170402
0.46,2.0,4.0,12,44,0.26029096915244887,0.6136363636363636,2.482417557888912,-0.0880649943717883,126029096.91524488,10.17661052170402
0.5,1.75,2.5,12,60,0.3397723405602955,0.6666666666666666,2.4428421508365283,-0.07523752587512733,133977234.05602956,10.106855514302179
0.46,1.5,3.0,12,56,0.3887601200568642,0.625,2.429214196909764,-0.10130438175551974,138876012.00568643,10.08621471681816
0.5,1.5,3.0,10,57,0.3897046468168863,0.6140350877192983,2.405585913256848,-0.05187355097747397,138970464.68168864,10.016813278741505
0.42,1.25,3.5,7,66,0.44003209839170543,0.5606060606060606,2.3695520506664294,-0.060377109286675175,144003209.83917055,9.916082049444388
0.38,2.0,3.0,12,62,0.32492721853722784,0.6451612903225806,2.3839086456096426,-0.07611496416126089,132492721.85372278,9.854762383411298
0.38,1.75,3.0,10,66,0.37635222718814254,0.6212121212121212,2.3625912930963326,-0.0879647049400636,137635222.71881425,9.813795653164048
0.46,1.25,2.5,10,67,0.40338956463627396,0.6119402985074627,2.3358696096302034,-0.07220054551993858,140338956.4636274,9.741364745322493
0.38,1.25,4.0,7,71,0.440321370489577,0.5492957746478874,2.3236047606587245,-0.09129150328797059,144032137.0489577,9.716559450212886
0.5,1.5,3.0,7,60,0.36226793347915476,0.6333333333333333,2.333862193182293,-0.056856319994384986,136226793.34791547,9.700955212877801
0.42,1.25,2.5,12,66,0.3965939799080258,0.6060606060606061,2.316716866718038,-0.06178845247411303,139659397.9908026,9.662870250846153
0.5,2.0,2.5,7,65,0.28064027550381154,0.7076923076923077,2.3434356672389263,-0.05806146643123226,128064027.55038115,9.660736826628515
0.46,1.75,3.5,7,57,0.3253232210113717,0.631578947368421,2.330091078368861,-0.06731425155864075,132532322.10113718,9.643609356075917
0.5,1.75,3.0,10,56,0.3241343516323538,0.625,2.3273354583723864,-0.05988311461391702,132413435.16323538,9.634784627814941
0.5,1.25,3.0,10,60,0.39750537753312476,0.5666666666666667,2.3017603490551495,-0.060939529085854115,139750537.75331247,9.60241034254413
0.42,2.0,3.5,7,59,0.31805459990446106,0.6610169491525424,2.317412727747095,-0.0489992974370624,131805459.9904461,9.596256709631936
0.42,1.75,3.5,7,59,0.3340884867423157,0.6271186440677966,2.311942106063451,-0.05185999111347159,133408848.67423157,9.587282847642774
0.46,1.25,2.5,7,70,0.3926998944901978,0.6142857142857143,2.294010151648572,-0.07218941644893755,139269989.4490198,9.563360078574302
0.42,1.5,4.0,7,61,0.4207575369848213,0.5737704918032787,2.288892868269731,-0.08726001057894778,142075753.69848213,9.561387529364435
0.38,1.25,4.0,12,59,0.42642806932432586,0.5254237288135594,2.275683807727284,-0.10271105128591634,142642806.9324326,9.504078961031182
0.42,2.0,2.5,12,62,0.2880074127083445,0.6612903225806451,2.2993731786804243,-0.06519927952745183,128800741.27083445,9.485965003795348
0.38,2.0,2.5,12,68,0.31921305319373205,0.6617647058823529,2.283988835420837,-0.06283588164397544,131921305.3193732,9.456838689349208
0.5,1.75,2.5,7,62,0.28807255900159956,0.6774193548387096,2.2896896880192834,-0.06757833169297006,128807255.90015996,9.446913112974183
0.42,1.75,2.5,12,61,0.31191495747794273,0.639344262295082,2.2845000347732243,-0.07385173166251113,131191495.74779427,9.444956443854338
0.46,2.0,3.5,7,57,0.29661655868565173,0.6491228070175439,2.275135920878238,-0.06386115502770101,129661655.86856517,9.397685805035628
0.5,1.25,3.5,7,62,0.3948043429018995,0.5483870967741935,2.2375997911695427,-0.06092665787545173,139480434.29018995,9.342159533481054
0.42,2.0,3.0,7,62,0.27953298248284897,0.6451612903225806,2.264962796201109,-0.062189501010187824,127953298.2482849,9.340547481298321
0.46,2.0,2.5,7,65,0.2722597907661084,0.7076923076923077,2.2645965198247926,-0.05967607661432292,127225979.07661083,9.336192447142732
0.42,2.0,4.0,7,56,0.29176450509926166,0.6428571428571429,2.256584779444233,-0.056652897854591995,129176450.50992616,9.321920031091755
0.42,1.25,3.0,12,60,0.3644191631462381,0.5666666666666667,2.240993836089499,-0.0967228853662352,136441916.3146238,9.30836639815445
0.42,1.5,3.0,10,63,0.3804536813984669,0.5873015873015873,2.238198592249321,-0.12104599202148152,138045368.13984668,9.30209013375009
0.38,1.75,2.5,12,70,0.3634213203278147,0.6428571428571429,2.2348625989723927,-0.07225729130462122,136342132.03278148,9.298885927707932
0.5,2.0,3.5,7,56,0.2768670400996276,0.6428571428571429,2.2455440158057454,-0.04439191348540441,127686704.00996277,9.268990003722763
0.42,1.5,2.5,12,64,0.3624491859227852,0.625,2.216232322336694,-0.06639844668300147,136244918.5922785,9.225429251928059
0.46,1.25,3.0,7,66,0.37745535072049985,0.5757575757575758,2.2132798692919913,-0.0914692863414368,137745535.07204998,9.213628063505626
0.46,2.0,3.0,7,59,0.2658075362688712,0.6610169491525424,2.237601683907133,-0.0747334821559038,126580753.62688711,9.211898378277079
0.5,1.5,2.5,7,63,0.32737518539823185,0.6349206349206349,2.2193579987009593,-0.0600790445853849,132737518.53982319,9.206513689655408
0.38,1.75,3.0,7,70,0.30598003676209395,0.6285714285714286,2.225196837876073,-0.06733345833367632,130598003.67620939,9.20452923052812
0.38,1.75,4.0,7,66,0.34415266477316897,0.5909090909090909,2.2149864064845413,-0.07591485886895194,134415266.4773169,9.195686315822313
0.5,2.0,3.0,7,59,0.26815015040059054,0.6610169491525424,2.220171547500316,-0.04729735601683112,126815015.04005904,9.158238509851065
0.42,1.25,2.5,7,73,0.3717202775469344,0.589041095890411,2.179088353242744,-0.061769802153728286,137172027.75469345,9.086640844235568
0.46,1.75,2.5,10,61,0.29802843074273966,0.639344262295082,2.1817457215683578,-0.07234979444788196,129802843.07427396,9.020803632906985
0.5,1.25,2.5,7,69,0.35804945646847064,0.5942028985507246,2.1578081202279003,-0.05675213886900463,135804945.64684707,8.990616012873106
0.5,1.25,2.5,12,66,0.3637762866652545,0.5909090909090909,2.1546186865795063,-0.06044819404682815,136377628.66652545,8.98157239050532
0.46,1.5,3.5,7,59,0.3397569368775608,0.5932203389830508,2.1555600643694435,-0.0904350871517591,133975693.68775609,8.946440667728606
0.46,1.5,3.0,7,63,0.3432218290682396,0.6190476190476191,2.1481517787710405,-0.10128139170700991,134322182.90682396,8.916140629251279
0.42,1.5,3.5,7,62,0.34335915005258655,0.5806451612903226,2.1422292410001726,-0.06864155572361824,134335915.00525865,8.906987594255984
0.46,1.5,2.5,10,64,0.34898297233665176,0.625,2.141224987703775,-0.07682065122213758,134898297.23366517,8.906722597540682
0.42,1.25,2.5,10,67,0.35385742153735733,0.5970149253731343,2.1300475157934797,-0.06178845247411303,135385742.15373573,8.873004004742878
0.42,1.25,3.0,7,68,0.3657331768945029,0.5588235294117647,2.126924598055216,-0.07351837689143564,136573317.6894503,8.864613557140236
0.42,1.25,3.0,10,65,0.3605648801273984,0.5538461538461539,2.1282271799976566,-0.10335826885452941,136056488.01273984,8.849486773383068
0.5,1.25,3.0,7,65,0.3610773000091416,0.5692307692307692,2.119893098928247,-0.06915657587562696,136107730.00091416,8.834532946245854
0.5,1.25,2.5,10,68,0.3660741412816504,0.5882352941176471,2.1089755523065494,-0.06044819404682815,136607414.12816504,8.801164018190317
0.5,1.5,2.5,10,61,0.32731537814112754,0.6229508196721312,2.116788406886632,-0.06063261893534584,132731537.81411275,8.79530023720359
0.46,1.5,2.5,7,68,0.3403959011554525,0.6323529411764706,2.112369013266516,-0.07682157800427561,134039590.11554524,8.783078812278204
0.42,1.5,2.5,7,71,0.34251944380667276,0.6197183098591549,2.1002730534801604,-0.06638748048923489,134251944.38066727,8.741403832975653
0.38,1.25,2.5,7,80,0.3770276568938711,0.5875,2.0910682384434804,-0.06243795806418019,137702765.6893871,8.739456631635703
0.5,2.0,2.5,10,62,0.26496189572822915,0.6612903225806451,2.1177693394112382,-0.06403654663149115,126496189.57282291,8.737085496186468
0.38,1.25,2.5,12,74,0.3903989452343375,0.581081081081081,2.081715597253105,-0.0624343798313884,139039894.52343374,8.71509819838512
0.38,2.0,4.0,10,57,0.28134826788036205,0.5964912280701754,2.1074906037954597,-0.06821330651598828,128134826.7880362,8.707028591207715
0.38,1.75,3.0,12,62,0.30911276142499156,0.5967741935483871,2.1006648575599005,-0.08144407864951413,130911276.14249916,8.700888862017255
0.38,1.75,2.5,10,69,0.3196405503207689,0.6231884057971014,2.089877171684808,-0.07094520369699422,131964055.0320769,8.674836055501359
0.42,2.0,2.5,7,68,0.2460568973252748,0.6617647058823529,2.091076421216538,-0.05806606286549156,124605689.73252748,8.614417786052798
0.42,1.75,2.5,7,68,0.27437352580152563,0.6470588235294118,2.0700968459670204,-0.06807751176657247,127437352.58015257,8.553075094962793
0.38,1.25,2.5,10,72,0.35962736448895893,0.5833333333333334,2.0475593009932576,-0.0624343798313884,135962736.4488959,8.547814045212963
0.38,2.0,3.0,7,70,0.2549925542182867,0.6142857142857143,2.0704289193403094,-0.0649455216343967,125499255.42182867,8.534949756476612
0.38,1.5,2.5,7,79,0.3620568609010435,0.6075949367088608,2.0384206775042255,-0.06521736701735899,136205686.09010434,8.51351063424471
0.42,1.5,3.0,7,65,0.3276260205805177,0.6,2.042663140255213,-0.08741251882285823,132762602.05805176,8.484572322189939
0.38,1.25,3.5,7,73,0.35380733976061274,0.5342465753424658,2.036149979212313,-0.09129150328797059,135380733.97606128,8.479473833733003
0.42,1.5,3.0,12,59,0.3171332537229967,0.576271186440678,2.033962192063025,-0.1107664112675514,131713325.37229967,8.426412375663354
0.5,1.75,2.5,10,61,0.27143815129579685,0.6229508196721312,2.037490917335662,-0.07392199095627523,127143815.12957968,8.415588366143915
0.42,1.75,2.5,10,62,0.2669829786384279,0.6129032258064516,2.017521579042707,-0.07254223238587486,126698297.8638428,8.331443339906642
0.42,1.5,2.5,10,65,0.3136024503831025,0.6,1.9773697374647181,-0.06639844668300147,131360245.03831024,8.219882176900473
0.38,1.75,3.5,7,67,0.27935921384585893,0.582089552238806,1.985942823806383,-0.07591485886895194,127935921.38458589,8.214277557248854
0.38,1.5,2.5,12,72,0.34434832303368035,0.5972222222222222,1.9497175973798415,-0.06522354536188858,134434832.30336803,8.140468050983214
0.38,1.75,2.5,7,74,0.27532637511794755,0.6351351351351351,1.9319063503316858,-0.0664808019569141,127532637.51179475,8.00146813222299
0.38,2.0,2.5,7,74,0.24379783325039894,0.6486486486486487,1.9310568975576299,-0.06082425649889176,124379783.3250399,7.970045727663906
0.38,1.25,3.0,10,71,0.3208480314027262,0.5352112676056338,1.9167717513210205,-0.10396957000366823,132084803.14027262,7.962710815065257
0.46,2.0,2.5,10,63,0.2341813070260379,0.6349206349206349,1.9295801713459617,-0.06362136628089993,123418130.70260379,7.952437341015466
0.38,1.5,3.0,10,69,0.30779488174031355,0.5507246376811594,1.8647277554291597,-0.11993228715336411,130779488.17403136,7.734275991764328
0.38,1.5,4.0,7,70,0.3099482937676805,0.5428571428571428,1.8569494743920325,-0.09188509279822954,130994829.37676805,7.718946502079554
0.38,1.25,3.0,7,75,0.2898953273890921,0.5333333333333333,1.832450026251403,-0.08170114684864918,128989532.73890921,7.605511525637046
0.38,1.5,2.5,10,71,0.2942012391465878,0.5915492957746479,1.8258448128706641,-0.06522354536188858,129420123.91465877,7.594546182737033
0.38,1.5,3.0,12,67,0.2862129123506789,0.5522388059701493,1.825404769074474,-0.10964694385310919,128621291.23506789,7.560620457020527
0.38,2.0,3.5,7,67,0.22503033104647163,0.582089552238806,1.832594934365843,-0.06920015985784994,122503033.10464716,7.549914466192859
0.42,2.0,2.5,10,64,0.21148178399431505,0.609375,1.8233510358040579,-0.06403565196640476,121148178.3994315,7.503336851227344
0.38,2.0,2.5,10,69,0.22479246084112803,0.6086956521739131,1.7927668864730946,-0.06166014976396897,122479246.0841128,7.395464714460218
0.38,2.0,4.0,7,64,0.2057333896336191,0.578125,1.757404403737664,-0.06920015985784994,120573338.9633619,7.22965717465535
0.38,1.5,3.0,7,73,0.26093718221615125,0.5616438356164384,1.7379155548152334,-0.08628650880374718,126093718.22161512,7.197538338856034
0.38,1.25,3.0,12,71,0.27722537734798913,0.49295774647887325,1.7062520890123973,-0.09734750808633784,127722537.73479891,7.078207866678353
0.38,1.5,3.5,7,71,0.2495017420075354,0.5211267605633803,1.6865400871175906,-0.09188509279822954,124950174.20075354,6.975775882106952
